transaction_id,product_id,customer_id,quantity,transaction_date,price,total_sales_value,purchase_month
2,9,,7,2024-06-26,224.0,1568.0,2024-06
2,9,,7,2024-06-26,224.0,1568.0,2024-06
2,9,,7,2024-06-26,224.0,1568.0,2024-06
2,9,,7,2024-06-26,224.0,1568.0,2024-06
2,9,,7,2024-06-26,224.0,1568.0,2024-06
5,150,208.0,4,2024-07-25,365.0,1460.0,2024-07
7,98,,7,2024-09-08,418.0,2926.0,2024-09
10,26,493.0,8,2024-02-17,399.0,3192.0,2024-02
12,146,396.0,5,2024-10-12,127.0,635.0,2024-10
17,72,,2,2024-03-26,185.0,370.0,2024-03
18,4,379.0,1,2024-07-15,248.0,248.0,2024-07
18,4,379.0,1,2024-07-15,248.0,248.0,2024-07
18,4,379.0,1,2024-07-15,248.0,248.0,2024-07
18,4,379.0,1,2024-07-15,248.0,248.0,2024-07
18,4,379.0,1,2024-07-15,248.0,248.0,2024-07
19,23,41.0,9,2024-02-05,144.0,1296.0,2024-02
25,54,,4,,178.0,712.0,
26,123,83.0,7,2024-06-21,460.0,3220.0,2024-06
27,58,114.0,0,2024-03-24,406.0,0.0,2024-03
28,59,,7,2024-03-26,42.0,294.0,2024-03
32,127,,4,2024-12-02,89.0,356.0,2024-12
33,56,,7,2024-04-06,297.0,2079.0,2024-04
35,140,198.0,9,2024-08-27,122.0,1098.0,2024-08
40,49,,8,,416.0,3328.0,
44,82,,3,2024-09-29,156.0,468.0,2024-09
45,12,274.0,4,2024-02-01,293.0,1172.0,2024-02
45,12,274.0,4,2024-02-01,293.0,1172.0,2024-02
45,12,274.0,4,2024-02-01,293.0,1172.0,2024-02
45,12,274.0,4,2024-02-01,293.0,1172.0,2024-02
45,12,274.0,4,2024-02-01,293.0,1172.0,2024-02
47,97,516.0,2,2024-05-09,428.0,856.0,2024-05
49,40,142.0,3,2024-08-29,83.0,249.0,2024-08
52,12,,10,2024-11-01,293.0,2930.0,2024-11
52,12,,10,2024-11-01,293.0,2930.0,2024-11
52,12,,10,2024-11-01,293.0,2930.0,2024-11
52,12,,10,2024-11-01,293.0,2930.0,2024-11
52,12,,10,2024-11-01,293.0,2930.0,2024-11
54,84,,5,2024-02-12,134.0,670.0,2024-02
61,87,,10,,275.0,2750.0,
62,33,256.0,4,2024-06-28,228.0,912.0,2024-06
64,124,,2,2024-04-29,49.0,98.0,2024-04
66,47,86.0,2,2024-03-20,290.0,580.0,2024-03
67,77,,9,2024-12-14,394.0,3546.0,2024-12
70,68,,3,2024-12-01,54.0,162.0,2024-12
72,133,93.0,1,2024-01-03,454.0,454.0,2024-01
74,81,,8,2024-02-23,383.0,3064.0,2024-02
78,90,,2,2024-10-25,298.0,596.0,2024-10
79,110,,10,2024-10-16,218.0,2180.0,2024-10
80,20,,4,2024-10-11,271.0,1084.0,2024-10
80,20,,4,2024-10-11,271.0,1084.0,2024-10
80,20,,4,2024-10-11,271.0,1084.0,2024-10
80,20,,4,2024-10-11,271.0,1084.0,2024-10
80,20,,4,2024-10-11,271.0,1084.0,2024-10
85,12,,6,2024-02-21,293.0,1758.0,2024-02
85,12,,6,2024-02-21,293.0,1758.0,2024-02
85,12,,6,2024-02-21,293.0,1758.0,2024-02
85,12,,6,2024-02-21,293.0,1758.0,2024-02
85,12,,6,2024-02-21,293.0,1758.0,2024-02
92,75,547.0,9,2024-02-22,327.0,2943.0,2024-02
93,15,193.0,2,,461.0,922.0,
93,15,193.0,2,,461.0,922.0,
93,15,193.0,2,,461.0,922.0,
93,15,193.0,2,,461.0,922.0,
93,15,193.0,2,,461.0,922.0,
95,57,322.0,1,2024-09-08,491.0,491.0,2024-09
96,42,,4,2024-07-21,389.0,1556.0,2024-07
97,13,,9,2024-05-10,197.0,1773.0,2024-05
97,13,,9,2024-05-10,197.0,1773.0,2024-05
97,13,,9,2024-05-10,197.0,1773.0,2024-05
97,13,,9,2024-05-10,197.0,1773.0,2024-05
97,13,,9,2024-05-10,197.0,1773.0,2024-05
105,21,,8,2024-02-14,154.0,1232.0,2024-02
105,21,,8,2024-02-14,154.0,1232.0,2024-02
105,21,,8,2024-02-14,154.0,1232.0,2024-02
105,21,,8,2024-02-14,154.0,1232.0,2024-02
105,21,,8,2024-02-14,154.0,1232.0,2024-02
106,88,66.0,8,2024-02-18,70.0,560.0,2024-02
114,137,,6,2024-07-23,375.0,2250.0,2024-07
116,31,276.0,4,2024-04-14,57.0,228.0,2024-04
121,52,,7,2024-05-03,157.0,1099.0,2024-05
122,59,,3,2024-08-15,42.0,126.0,2024-08
123,10,,1,,284.0,284.0,
123,10,,1,,284.0,284.0,
123,10,,1,,284.0,284.0,
123,10,,1,,284.0,284.0,
123,10,,1,,284.0,284.0,
126,128,223.0,8,2024-12-02,353.0,2824.0,2024-12
127,76,,9,2024-10-30,266.0,2394.0,2024-10
129,150,,8,2024-10-02,365.0,2920.0,2024-10
130,96,,10,2024-01-31,48.0,480.0,2024-01
131,104,311.0,4,2024-09-03,193.0,772.0,2024-09
132,127,113.0,9,2024-11-14,89.0,801.0,2024-11
133,106,,4,2024-09-14,384.0,1536.0,2024-09
134,69,,8,2024-08-06,380.0,3040.0,2024-08
135,57,,6,2024-05-02,491.0,2946.0,2024-05
138,140,,1,2024-12-11,122.0,122.0,2024-12
139,51,592.0,4,2024-03-15,135.0,540.0,2024-03
140,13,,1,2024-07-18,197.0,197.0,2024-07
140,13,,1,2024-07-18,197.0,197.0,2024-07
140,13,,1,2024-07-18,197.0,197.0,2024-07
140,13,,1,2024-07-18,197.0,197.0,2024-07
140,13,,1,2024-07-18,197.0,197.0,2024-07
141,32,,1,2024-09-27,77.0,77.0,2024-09
145,55,370.0,7,2024-04-29,43.0,301.0,2024-04
148,4,,5,2024-02-10,248.0,1240.0,2024-02
148,4,,5,2024-02-10,248.0,1240.0,2024-02
148,4,,5,2024-02-10,248.0,1240.0,2024-02
148,4,,5,2024-02-10,248.0,1240.0,2024-02
148,4,,5,2024-02-10,248.0,1240.0,2024-02
151,148,135.0,1,2024-10-05,8.0,8.0,2024-10
152,59,12.0,3,,42.0,126.0,
153,16,,10,2024-07-19,107.0,1070.0,2024-07
153,16,,10,2024-07-19,107.0,1070.0,2024-07
153,16,,10,2024-07-19,107.0,1070.0,2024-07
153,16,,10,2024-07-19,107.0,1070.0,2024-07
153,16,,10,2024-07-19,107.0,1070.0,2024-07
155,66,468.0,3,2024-01-20,377.0,1131.0,2024-01
161,83,,0,2024-03-07,175.0,0.0,2024-03
162,2,,1,,484.0,484.0,
162,2,,1,,484.0,484.0,
162,2,,1,,484.0,484.0,
162,2,,1,,484.0,484.0,
162,2,,1,,484.0,484.0,
164,96,,2,2024-10-07,48.0,96.0,2024-10
165,94,26.0,2,2024-09-16,319.0,638.0,2024-09
166,48,,1,2024-08-21,344.0,344.0,2024-08
167,2,184.0,7,2024-06-14,484.0,3388.0,2024-06
167,2,184.0,7,2024-06-14,484.0,3388.0,2024-06
167,2,184.0,7,2024-06-14,484.0,3388.0,2024-06
167,2,184.0,7,2024-06-14,484.0,3388.0,2024-06
167,2,184.0,7,2024-06-14,484.0,3388.0,2024-06
168,119,,10,2024-09-04,49.0,490.0,2024-09
170,125,128.0,9,2024-05-20,500.0,4500.0,2024-05
171,19,,8,2024-08-31,48.0,384.0,2024-08
171,19,,8,2024-08-31,48.0,384.0,2024-08
171,19,,8,2024-08-31,48.0,384.0,2024-08
171,19,,8,2024-08-31,48.0,384.0,2024-08
171,19,,8,2024-08-31,48.0,384.0,2024-08
172,135,515.0,5,2024-03-25,136.0,680.0,2024-03
173,35,395.0,10,2024-10-19,154.0,1540.0,2024-10
174,116,419.0,5,2024-10-19,64.0,320.0,2024-10
176,35,120.0,3,2024-06-14,154.0,462.0,2024-06
177,107,,1,2024-05-17,162.0,162.0,2024-05
178,2,475.0,4,2024-01-10,484.0,1936.0,2024-01
178,2,475.0,4,2024-01-10,484.0,1936.0,2024-01
178,2,475.0,4,2024-01-10,484.0,1936.0,2024-01
178,2,475.0,4,2024-01-10,484.0,1936.0,2024-01
178,2,475.0,4,2024-01-10,484.0,1936.0,2024-01
180,83,,8,2024-03-01,175.0,1400.0,2024-03
182,118,,10,2024-12-06,476.0,4760.0,2024-12
183,111,83.0,7,2024-01-04,250.0,1750.0,2024-01
185,56,166.0,4,2024-06-16,297.0,1188.0,2024-06
187,122,,2,2024-12-13,165.0,330.0,2024-12
188,37,,2,2024-04-23,431.0,862.0,2024-04
189,150,91.0,8,2024-02-24,365.0,2920.0,2024-02
190,146,,3,2024-05-04,127.0,381.0,2024-05
194,83,248.0,6,2024-01-29,175.0,1050.0,2024-01
195,105,,1,2024-08-28,40.0,40.0,2024-08
197,37,283.0,6,2024-05-26,431.0,2586.0,2024-05
198,26,106.0,5,2024-07-23,399.0,1995.0,2024-07
200,12,,3,2024-04-24,293.0,879.0,2024-04
200,12,,3,2024-04-24,293.0,879.0,2024-04
200,12,,3,2024-04-24,293.0,879.0,2024-04
200,12,,3,2024-04-24,293.0,879.0,2024-04
200,12,,3,2024-04-24,293.0,879.0,2024-04
203,129,,1,2024-02-27,394.0,394.0,2024-02
204,4,303.0,10,2024-10-31,248.0,2480.0,2024-10
204,4,303.0,10,2024-10-31,248.0,2480.0,2024-10
204,4,303.0,10,2024-10-31,248.0,2480.0,2024-10
204,4,303.0,10,2024-10-31,248.0,2480.0,2024-10
204,4,303.0,10,2024-10-31,248.0,2480.0,2024-10
205,50,202.0,3,2024-05-14,399.0,1197.0,2024-05
206,136,,1,2024-02-18,359.0,359.0,2024-02
213,13,,4,2024-07-24,197.0,788.0,2024-07
213,13,,4,2024-07-24,197.0,788.0,2024-07
213,13,,4,2024-07-24,197.0,788.0,2024-07
213,13,,4,2024-07-24,197.0,788.0,2024-07
213,13,,4,2024-07-24,197.0,788.0,2024-07
214,8,374.0,7,2024-12-03,75.0,525.0,2024-12
214,8,374.0,7,2024-12-03,75.0,525.0,2024-12
214,8,374.0,7,2024-12-03,75.0,525.0,2024-12
214,8,374.0,7,2024-12-03,75.0,525.0,2024-12
214,8,374.0,7,2024-12-03,75.0,525.0,2024-12
216,92,,4,2024-07-27,121.0,484.0,2024-07
217,118,173.0,10,2024-01-10,476.0,4760.0,2024-01
219,73,147.0,8,2024-02-27,346.0,2768.0,2024-02
221,94,,5,2024-02-11,319.0,1595.0,2024-02
222,129,,3,2024-02-06,394.0,1182.0,2024-02
224,59,292.0,2,2024-07-05,42.0,84.0,2024-07
228,108,585.0,5,2024-05-03,21.0,105.0,2024-05
234,24,203.0,5,2024-02-26,312.0,1560.0,2024-02
235,51,323.0,5,2024-11-23,135.0,675.0,2024-11
236,8,276.0,8,2024-02-03,75.0,600.0,2024-02
236,8,276.0,8,2024-02-03,75.0,600.0,2024-02
236,8,276.0,8,2024-02-03,75.0,600.0,2024-02
236,8,276.0,8,2024-02-03,75.0,600.0,2024-02
236,8,276.0,8,2024-02-03,75.0,600.0,2024-02
237,42,45.0,4,2024-12-03,389.0,1556.0,2024-12
242,61,152.0,4,2024-02-10,52.0,208.0,2024-02
244,114,30.0,8,2024-10-30,225.0,1800.0,2024-10
247,92,141.0,1,2024-02-24,121.0,121.0,2024-02
250,72,,3,2024-03-10,185.0,555.0,2024-03
251,43,,5,2024-01-07,334.0,1670.0,2024-01
253,38,173.0,3,2024-09-06,55.0,165.0,2024-09
255,64,413.0,6,2024-10-17,353.0,2118.0,2024-10
256,73,,7,2024-03-23,346.0,2422.0,2024-03
258,98,,7,2024-06-11,418.0,2926.0,2024-06
262,64,,10,2024-10-10,353.0,3530.0,2024-10
263,75,,8,2024-04-26,327.0,2616.0,2024-04
266,115,405.0,2,2024-04-29,205.0,410.0,2024-04
268,31,,4,2024-07-09,57.0,228.0,2024-07
271,80,430.0,8,2024-06-13,61.0,488.0,2024-06
272,16,536.0,10,2024-07-18,107.0,1070.0,2024-07
272,16,536.0,10,2024-07-18,107.0,1070.0,2024-07
272,16,536.0,10,2024-07-18,107.0,1070.0,2024-07
272,16,536.0,10,2024-07-18,107.0,1070.0,2024-07
272,16,536.0,10,2024-07-18,107.0,1070.0,2024-07
275,61,206.0,0,2024-07-05,52.0,0.0,2024-07
278,84,556.0,3,2024-02-17,134.0,402.0,2024-02
280,64,,1,2024-01-04,353.0,353.0,2024-01
284,34,24.0,10,2024-07-24,169.0,1690.0,2024-07
288,65,,8,2024-03-11,95.0,760.0,2024-03
289,144,,1,2024-04-24,473.0,473.0,2024-04
291,135,,8,2024-06-14,136.0,1088.0,2024-06
292,56,,9,2024-10-31,297.0,2673.0,2024-10
296,66,149.0,1,2024-10-06,377.0,377.0,2024-10
298,21,,4,2024-08-22,154.0,616.0,2024-08
298,21,,4,2024-08-22,154.0,616.0,2024-08
298,21,,4,2024-08-22,154.0,616.0,2024-08
298,21,,4,2024-08-22,154.0,616.0,2024-08
298,21,,4,2024-08-22,154.0,616.0,2024-08
299,44,,4,2024-07-28,226.0,904.0,2024-07
301,150,,1,2024-07-09,365.0,365.0,2024-07
303,126,548.0,8,2024-09-25,251.0,2008.0,2024-09
307,140,163.0,4,2024-08-28,122.0,488.0,2024-08
308,111,561.0,4,2024-03-26,250.0,1000.0,2024-03
310,122,,1,2024-09-05,165.0,165.0,2024-09
317,21,,1,2024-02-28,154.0,154.0,2024-02
317,21,,1,2024-02-28,154.0,154.0,2024-02
317,21,,1,2024-02-28,154.0,154.0,2024-02
317,21,,1,2024-02-28,154.0,154.0,2024-02
317,21,,1,2024-02-28,154.0,154.0,2024-02
322,118,,10,2024-11-29,476.0,4760.0,2024-11
323,132,,7,2024-03-24,199.0,1393.0,2024-03
325,148,452.0,6,2024-03-07,8.0,48.0,2024-03
329,58,208.0,4,2024-11-18,406.0,1624.0,2024-11
331,56,470.0,0,,297.0,0.0,
332,61,349.0,6,2024-10-17,52.0,312.0,2024-10
333,45,,-10,2024-02-20,405.0,-4050.0,2024-02
334,48,,3,,344.0,1032.0,
335,5,,8,2024-01-22,374.0,2992.0,2024-01
335,5,,8,2024-01-22,374.0,2992.0,2024-01
335,5,,8,2024-01-22,374.0,2992.0,2024-01
335,5,,8,2024-01-22,374.0,2992.0,2024-01
335,5,,8,2024-01-22,374.0,2992.0,2024-01
337,149,,10,2024-01-02,350.0,3500.0,2024-01
340,7,388.0,1,2024-04-03,363.0,363.0,2024-04
340,7,388.0,1,2024-04-03,363.0,363.0,2024-04
340,7,388.0,1,2024-04-03,363.0,363.0,2024-04
340,7,388.0,1,2024-04-03,363.0,363.0,2024-04
340,7,388.0,1,2024-04-03,363.0,363.0,2024-04
345,129,508.0,3,2024-09-13,394.0,1182.0,2024-09
347,68,,9,2024-12-18,54.0,486.0,2024-12
350,61,195.0,4,2024-11-16,52.0,208.0,2024-11
358,44,200.0,5,2024-02-16,226.0,1130.0,2024-02
365,150,,10,2024-07-12,365.0,3650.0,2024-07
366,34,230.0,2,2024-09-06,169.0,338.0,2024-09
368,108,16.0,8,,21.0,168.0,
369,64,,-10,2024-02-20,353.0,-3530.0,2024-02
371,111,3.0,9,2024-03-11,250.0,2250.0,2024-03
372,80,101.0,3,2024-10-11,61.0,183.0,2024-10
373,78,558.0,8,,270.0,2160.0,
376,51,,10,2024-05-10,135.0,1350.0,2024-05
381,86,,10,2024-02-14,24.0,240.0,2024-02
382,106,193.0,10,2024-11-14,384.0,3840.0,2024-11
384,62,187.0,7,2024-01-27,404.0,2828.0,2024-01
385,72,,6,2024-09-07,185.0,1110.0,2024-09
387,120,314.0,3,2024-11-18,177.0,531.0,2024-11
391,39,560.0,2,2024-03-19,400.0,800.0,2024-03
397,39,43.0,10,2024-08-04,400.0,4000.0,2024-08
398,113,222.0,8,2024-02-02,293.0,2344.0,2024-02
399,110,,2,2024-07-02,218.0,436.0,2024-07
401,114,,8,2024-06-02,225.0,1800.0,2024-06
402,117,,7,2024-05-29,62.0,434.0,2024-05
406,103,571.0,7,2024-10-06,271.0,1897.0,2024-10
416,96,126.0,9,2024-05-05,48.0,432.0,2024-05
417,66,,6,,377.0,2262.0,
420,1,,9,2024-04-26,100.0,900.0,2024-04
420,1,,9,2024-04-26,100.0,900.0,2024-04
420,1,,9,2024-04-26,100.0,900.0,2024-04
420,1,,9,2024-04-26,100.0,900.0,2024-04
420,1,,9,2024-04-26,100.0,900.0,2024-04
421,94,,3,2024-08-07,319.0,957.0,2024-08
425,70,178.0,9,2024-12-19,47.0,423.0,2024-12
427,13,,3,2024-03-03,197.0,591.0,2024-03
427,13,,3,2024-03-03,197.0,591.0,2024-03
427,13,,3,2024-03-03,197.0,591.0,2024-03
427,13,,3,2024-03-03,197.0,591.0,2024-03
427,13,,3,2024-03-03,197.0,591.0,2024-03
428,21,172.0,1,2024-01-18,154.0,154.0,2024-01
428,21,172.0,1,2024-01-18,154.0,154.0,2024-01
428,21,172.0,1,2024-01-18,154.0,154.0,2024-01
428,21,172.0,1,2024-01-18,154.0,154.0,2024-01
428,21,172.0,1,2024-01-18,154.0,154.0,2024-01
429,143,,4,2024-10-14,324.0,1296.0,2024-10
432,127,459.0,1,2024-03-21,89.0,89.0,2024-03
433,97,,4,2024-06-19,428.0,1712.0,2024-06
437,133,127.0,2,2024-02-29,454.0,908.0,2024-02
440,110,484.0,6,2024-03-09,218.0,1308.0,2024-03
441,105,,10,2024-09-07,40.0,400.0,2024-09
442,89,49.0,2,2024-12-14,28.0,56.0,2024-12
443,82,382.0,10,2024-01-08,156.0,1560.0,2024-01
444,26,,9,2024-08-05,399.0,3591.0,2024-08
445,108,,9,2024-10-31,21.0,189.0,2024-10
446,58,376.0,6,2024-11-20,406.0,2436.0,2024-11
448,136,,3,2024-03-16,359.0,1077.0,2024-03
449,4,,-1,2024-01-28,248.0,-248.0,2024-01
449,4,,-1,2024-01-28,248.0,-248.0,2024-01
449,4,,-1,2024-01-28,248.0,-248.0,2024-01
449,4,,-1,2024-01-28,248.0,-248.0,2024-01
449,4,,-1,2024-01-28,248.0,-248.0,2024-01
453,49,,5,2024-04-29,416.0,2080.0,2024-04
454,62,,8,2024-12-05,404.0,3232.0,2024-12
455,93,,8,2024-07-09,132.0,1056.0,2024-07
456,70,,3,2024-02-11,47.0,141.0,2024-02
457,41,270.0,4,2024-02-26,347.0,1388.0,2024-02
460,117,141.0,6,2024-08-07,62.0,372.0,2024-08
462,149,,0,2024-04-01,350.0,0.0,2024-04
463,78,,1,2024-08-13,270.0,270.0,2024-08
466,59,323.0,2,2024-05-12,42.0,84.0,2024-05
467,109,456.0,8,,240.0,1920.0,
468,121,,2,2024-07-03,158.0,316.0,2024-07
473,66,252.0,5,2024-04-19,377.0,1885.0,2024-04
474,66,,0,2024-11-25,377.0,0.0,2024-11
475,118,543.0,2,2024-09-30,476.0,952.0,2024-09
476,113,83.0,2,2024-05-29,293.0,586.0,2024-05
477,14,335.0,5,2024-01-13,434.0,2170.0,2024-01
477,14,335.0,5,2024-01-13,434.0,2170.0,2024-01
477,14,335.0,5,2024-01-13,434.0,2170.0,2024-01
477,14,335.0,5,2024-01-13,434.0,2170.0,2024-01
477,14,335.0,5,2024-01-13,434.0,2170.0,2024-01
478,72,230.0,4,2024-05-02,185.0,740.0,2024-05
481,13,,1,2024-05-28,197.0,197.0,2024-05
481,13,,1,2024-05-28,197.0,197.0,2024-05
481,13,,1,2024-05-28,197.0,197.0,2024-05
481,13,,1,2024-05-28,197.0,197.0,2024-05
481,13,,1,2024-05-28,197.0,197.0,2024-05
482,5,292.0,5,2024-05-16,374.0,1870.0,2024-05
482,5,292.0,5,2024-05-16,374.0,1870.0,2024-05
482,5,292.0,5,2024-05-16,374.0,1870.0,2024-05
482,5,292.0,5,2024-05-16,374.0,1870.0,2024-05
482,5,292.0,5,2024-05-16,374.0,1870.0,2024-05
484,107,493.0,0,2024-06-28,162.0,0.0,2024-06
485,19,54.0,4,2024-03-09,48.0,192.0,2024-03
485,19,54.0,4,2024-03-09,48.0,192.0,2024-03
485,19,54.0,4,2024-03-09,48.0,192.0,2024-03
485,19,54.0,4,2024-03-09,48.0,192.0,2024-03
485,19,54.0,4,2024-03-09,48.0,192.0,2024-03
487,28,347.0,-10,2024-03-14,479.0,-4790.0,2024-03
488,31,215.0,5,2024-11-14,57.0,285.0,2024-11
493,22,,5,2024-10-29,431.0,2155.0,2024-10
499,78,566.0,2,2024-10-08,270.0,540.0,2024-10
506,95,,6,2024-02-18,239.0,1434.0,2024-02
507,87,260.0,0,2024-04-02,275.0,0.0,2024-04
508,87,,6,2024-06-05,275.0,1650.0,2024-06
511,65,533.0,7,2024-12-05,95.0,665.0,2024-12
513,51,488.0,5,,135.0,675.0,
519,57,,2,2024-02-20,491.0,982.0,2024-02
520,139,,9,2024-11-25,23.0,207.0,2024-11
521,11,528.0,-6,,338.0,-2028.0,
521,11,528.0,-6,,338.0,-2028.0,
521,11,528.0,-6,,338.0,-2028.0,
521,11,528.0,-6,,338.0,-2028.0,
521,11,528.0,-6,,338.0,-2028.0,
524,114,455.0,8,2024-11-14,225.0,1800.0,2024-11
525,88,,10,2024-10-31,70.0,700.0,2024-10
526,35,,8,2024-07-28,154.0,1232.0,2024-07
528,126,,6,2024-10-29,251.0,1506.0,2024-10
529,85,,3,2024-10-30,423.0,1269.0,2024-10
530,60,,2,2024-01-06,453.0,906.0,2024-01
531,111,416.0,3,2024-08-08,250.0,750.0,2024-08
532,42,130.0,3,2024-09-20,389.0,1167.0,2024-09
534,101,,7,2024-03-11,282.0,1974.0,2024-03
535,51,,2,2024-08-29,135.0,270.0,2024-08
537,49,,5,2024-08-06,416.0,2080.0,2024-08
540,33,480.0,4,2024-07-26,228.0,912.0,2024-07
548,114,85.0,2,2024-06-21,225.0,450.0,2024-06
552,121,453.0,10,2024-04-30,158.0,1580.0,2024-04
555,30,,2,2024-02-11,234.0,468.0,2024-02
558,121,,6,2024-02-20,158.0,948.0,2024-02
560,41,,4,2024-11-08,347.0,1388.0,2024-11
563,89,,3,2024-01-03,28.0,84.0,2024-01
565,72,,9,2024-07-02,185.0,1665.0,2024-07
566,29,318.0,2,2024-11-04,70.0,140.0,2024-11
569,57,339.0,5,2024-12-23,491.0,2455.0,2024-12
570,36,,4,2024-02-19,173.0,692.0,2024-02
571,98,111.0,5,2024-08-21,418.0,2090.0,2024-08
574,118,,10,2024-02-14,476.0,4760.0,2024-02
577,13,,1,2024-01-05,197.0,197.0,2024-01
577,13,,1,2024-01-05,197.0,197.0,2024-01
577,13,,1,2024-01-05,197.0,197.0,2024-01
577,13,,1,2024-01-05,197.0,197.0,2024-01
577,13,,1,2024-01-05,197.0,197.0,2024-01
578,109,374.0,9,2024-08-18,240.0,2160.0,2024-08
580,147,89.0,9,2024-09-04,426.0,3834.0,2024-09
581,15,166.0,6,2024-10-07,461.0,2766.0,2024-10
581,15,166.0,6,2024-10-07,461.0,2766.0,2024-10
581,15,166.0,6,2024-10-07,461.0,2766.0,2024-10
581,15,166.0,6,2024-10-07,461.0,2766.0,2024-10
581,15,166.0,6,2024-10-07,461.0,2766.0,2024-10
582,74,571.0,4,2024-03-12,133.0,532.0,2024-03
584,12,32.0,5,2024-12-16,293.0,1465.0,2024-12
584,12,32.0,5,2024-12-16,293.0,1465.0,2024-12
584,12,32.0,5,2024-12-16,293.0,1465.0,2024-12
584,12,32.0,5,2024-12-16,293.0,1465.0,2024-12
584,12,32.0,5,2024-12-16,293.0,1465.0,2024-12
585,31,,9,,57.0,513.0,
586,41,,5,2024-05-20,347.0,1735.0,2024-05
588,146,,9,2024-05-12,127.0,1143.0,2024-05
589,38,,5,2024-05-27,55.0,275.0,2024-05
590,87,97.0,5,2024-07-08,275.0,1375.0,2024-07
591,146,,9,2024-06-02,127.0,1143.0,2024-06
593,126,,6,,251.0,1506.0,
594,85,316.0,3,2024-10-22,423.0,1269.0,2024-10
596,83,,4,2024-03-28,175.0,700.0,2024-03
598,111,161.0,7,2024-06-23,250.0,1750.0,2024-06
599,98,,5,2024-06-18,418.0,2090.0,2024-06
605,45,,3,2024-06-11,405.0,1215.0,2024-06
606,55,,3,2024-05-16,43.0,129.0,2024-05
609,103,303.0,3,2024-10-07,271.0,813.0,2024-10
612,89,,8,2024-09-01,28.0,224.0,2024-09
617,95,,8,2024-07-27,239.0,1912.0,2024-07
619,59,,9,2024-08-22,42.0,378.0,2024-08
622,101,351.0,4,2024-12-06,282.0,1128.0,2024-12
624,121,,1,2024-10-26,158.0,158.0,2024-10
625,128,464.0,6,2024-12-13,353.0,2118.0,2024-12
630,18,,8,2024-09-10,309.0,2472.0,2024-09
630,18,,8,2024-09-10,309.0,2472.0,2024-09
630,18,,8,2024-09-10,309.0,2472.0,2024-09
630,18,,8,2024-09-10,309.0,2472.0,2024-09
630,18,,8,2024-09-10,309.0,2472.0,2024-09
631,56,,2,2024-03-25,297.0,594.0,2024-03
634,79,,0,2024-01-20,178.0,0.0,2024-01
638,61,,0,2024-01-06,52.0,0.0,2024-01
639,73,,5,2024-10-24,346.0,1730.0,2024-10
643,149,,5,2024-01-26,350.0,1750.0,2024-01
645,132,,8,2024-01-03,199.0,1592.0,2024-01
648,85,,10,2024-06-23,423.0,4230.0,2024-06
649,4,465.0,-6,2024-11-18,248.0,-1488.0,2024-11
649,4,465.0,-6,2024-11-18,248.0,-1488.0,2024-11
649,4,465.0,-6,2024-11-18,248.0,-1488.0,2024-11
649,4,465.0,-6,2024-11-18,248.0,-1488.0,2024-11
649,4,465.0,-6,2024-11-18,248.0,-1488.0,2024-11
651,70,579.0,1,2024-12-11,47.0,47.0,2024-12
654,45,80.0,6,,405.0,2430.0,
656,110,185.0,5,2024-03-25,218.0,1090.0,2024-03
660,25,555.0,6,2024-09-28,313.0,1878.0,2024-09
664,117,273.0,9,2024-09-04,62.0,558.0,2024-09
665,88,,4,2024-05-07,70.0,280.0,2024-05
666,77,151.0,5,2024-12-18,394.0,1970.0,2024-12
668,117,,2,2024-05-12,62.0,124.0,2024-05
670,127,,6,2024-06-30,89.0,534.0,2024-06
672,67,,4,2024-02-13,240.0,960.0,2024-02
674,131,,0,2024-09-30,22.0,0.0,2024-09
676,43,98.0,5,2024-12-14,334.0,1670.0,2024-12
677,113,409.0,2,2024-11-25,293.0,586.0,2024-11
678,75,,7,2024-01-06,327.0,2289.0,2024-01
683,14,,5,2024-02-25,434.0,2170.0,2024-02
683,14,,5,2024-02-25,434.0,2170.0,2024-02
683,14,,5,2024-02-25,434.0,2170.0,2024-02
683,14,,5,2024-02-25,434.0,2170.0,2024-02
683,14,,5,2024-02-25,434.0,2170.0,2024-02
684,25,,10,2024-04-02,313.0,3130.0,2024-04
690,138,,1,2024-10-25,431.0,431.0,2024-10
693,96,180.0,4,2024-03-21,48.0,192.0,2024-03
696,92,,4,2024-11-21,121.0,484.0,2024-11
701,64,366.0,6,2024-04-27,353.0,2118.0,2024-04
702,2,588.0,6,2024-09-04,484.0,2904.0,2024-09
702,2,588.0,6,2024-09-04,484.0,2904.0,2024-09
702,2,588.0,6,2024-09-04,484.0,2904.0,2024-09
702,2,588.0,6,2024-09-04,484.0,2904.0,2024-09
702,2,588.0,6,2024-09-04,484.0,2904.0,2024-09
703,103,176.0,1,2024-08-31,271.0,271.0,2024-08
711,49,236.0,6,2024-01-07,416.0,2496.0,2024-01
712,111,26.0,2,2024-05-23,250.0,500.0,2024-05
713,99,,4,2024-08-31,134.0,536.0,2024-08
714,94,276.0,1,2024-01-19,319.0,319.0,2024-01
718,85,,6,2024-01-17,423.0,2538.0,2024-01
719,121,236.0,1,2024-05-02,158.0,158.0,2024-05
720,141,,1,2024-07-28,440.0,440.0,2024-07
722,103,,9,2024-05-23,271.0,2439.0,2024-05
723,121,463.0,9,2024-01-04,158.0,1422.0,2024-01
724,16,,4,2024-08-26,107.0,428.0,2024-08
724,16,,4,2024-08-26,107.0,428.0,2024-08
724,16,,4,2024-08-26,107.0,428.0,2024-08
724,16,,4,2024-08-26,107.0,428.0,2024-08
724,16,,4,2024-08-26,107.0,428.0,2024-08
726,130,,8,2024-05-09,109.0,872.0,2024-05
728,54,311.0,1,2024-01-13,178.0,178.0,2024-01
729,14,570.0,7,2024-10-05,434.0,3038.0,2024-10
729,14,570.0,7,2024-10-05,434.0,3038.0,2024-10
729,14,570.0,7,2024-10-05,434.0,3038.0,2024-10
729,14,570.0,7,2024-10-05,434.0,3038.0,2024-10
729,14,570.0,7,2024-10-05,434.0,3038.0,2024-10
733,86,,8,2024-06-11,24.0,192.0,2024-06
734,66,518.0,5,2024-12-18,377.0,1885.0,2024-12
736,6,,6,2024-03-27,182.0,1092.0,2024-03
736,6,,6,2024-03-27,182.0,1092.0,2024-03
736,6,,6,2024-03-27,182.0,1092.0,2024-03
736,6,,6,2024-03-27,182.0,1092.0,2024-03
736,6,,6,2024-03-27,182.0,1092.0,2024-03
739,124,492.0,9,2024-12-01,49.0,441.0,2024-12
740,40,151.0,9,2024-04-11,83.0,747.0,2024-04
742,85,,8,2024-08-27,423.0,3384.0,2024-08
743,20,64.0,2,2024-05-29,271.0,542.0,2024-05
743,20,64.0,2,2024-05-29,271.0,542.0,2024-05
743,20,64.0,2,2024-05-29,271.0,542.0,2024-05
743,20,64.0,2,2024-05-29,271.0,542.0,2024-05
743,20,64.0,2,2024-05-29,271.0,542.0,2024-05
744,123,437.0,2,2024-04-12,460.0,920.0,2024-04
745,5,,7,2024-06-27,374.0,2618.0,2024-06
745,5,,7,2024-06-27,374.0,2618.0,2024-06
745,5,,7,2024-06-27,374.0,2618.0,2024-06
745,5,,7,2024-06-27,374.0,2618.0,2024-06
745,5,,7,2024-06-27,374.0,2618.0,2024-06
749,12,,6,2024-07-12,293.0,1758.0,2024-07
749,12,,6,2024-07-12,293.0,1758.0,2024-07
749,12,,6,2024-07-12,293.0,1758.0,2024-07
749,12,,6,2024-07-12,293.0,1758.0,2024-07
749,12,,6,2024-07-12,293.0,1758.0,2024-07
752,91,571.0,-3,2024-08-01,92.0,-276.0,2024-08
755,82,389.0,9,,156.0,1404.0,
758,11,558.0,10,2024-11-11,338.0,3380.0,2024-11
758,11,558.0,10,2024-11-11,338.0,3380.0,2024-11
758,11,558.0,10,2024-11-11,338.0,3380.0,2024-11
758,11,558.0,10,2024-11-11,338.0,3380.0,2024-11
758,11,558.0,10,2024-11-11,338.0,3380.0,2024-11
762,48,,6,2024-03-30,344.0,2064.0,2024-03
763,36,,8,2024-10-29,173.0,1384.0,2024-10
765,71,508.0,3,2024-08-07,397.0,1191.0,2024-08
767,6,,0,2024-01-24,182.0,0.0,2024-01
767,6,,0,2024-01-24,182.0,0.0,2024-01
767,6,,0,2024-01-24,182.0,0.0,2024-01
767,6,,0,2024-01-24,182.0,0.0,2024-01
767,6,,0,2024-01-24,182.0,0.0,2024-01
769,40,16.0,8,2024-01-09,83.0,664.0,2024-01
770,81,,10,2024-07-14,383.0,3830.0,2024-07
772,142,,4,2024-03-14,288.0,1152.0,2024-03
773,34,574.0,6,2024-10-24,169.0,1014.0,2024-10
779,90,539.0,4,2024-11-07,298.0,1192.0,2024-11
780,110,67.0,6,2024-10-10,218.0,1308.0,2024-10
781,105,,6,2024-12-09,40.0,240.0,2024-12
783,71,,2,2024-10-24,397.0,794.0,2024-10
785,37,408.0,6,2024-04-03,431.0,2586.0,2024-04
787,35,411.0,4,,154.0,616.0,
788,76,501.0,4,2024-07-09,266.0,1064.0,2024-07
789,25,,-1,2024-02-17,313.0,-313.0,2024-02
800,125,,3,2024-12-07,500.0,1500.0,2024-12
802,60,244.0,6,2024-10-14,453.0,2718.0,2024-10
804,143,454.0,8,2024-03-25,324.0,2592.0,2024-03
806,18,,7,2024-12-15,309.0,2163.0,2024-12
806,18,,7,2024-12-15,309.0,2163.0,2024-12
806,18,,7,2024-12-15,309.0,2163.0,2024-12
806,18,,7,2024-12-15,309.0,2163.0,2024-12
806,18,,7,2024-12-15,309.0,2163.0,2024-12
807,67,,2,2024-07-12,240.0,480.0,2024-07
808,91,,7,2024-11-26,92.0,644.0,2024-11
810,131,,10,2024-12-20,22.0,220.0,2024-12
811,83,63.0,2,2024-05-04,175.0,350.0,2024-05
817,65,,3,,95.0,285.0,
819,81,,3,2024-08-11,383.0,1149.0,2024-08
821,91,,7,2024-11-09,92.0,644.0,2024-11
822,34,,-5,2024-01-30,169.0,-845.0,2024-01
831,62,94.0,1,2024-03-29,404.0,404.0,2024-03
834,62,,6,2024-09-09,404.0,2424.0,2024-09
836,47,,6,,290.0,1740.0,
837,141,,4,2024-06-27,440.0,1760.0,2024-06
838,15,,0,2024-05-15,461.0,0.0,2024-05
838,15,,0,2024-05-15,461.0,0.0,2024-05
838,15,,0,2024-05-15,461.0,0.0,2024-05
838,15,,0,2024-05-15,461.0,0.0,2024-05
838,15,,0,2024-05-15,461.0,0.0,2024-05
840,106,54.0,3,2024-11-12,384.0,1152.0,2024-11
844,137,424.0,8,2024-11-10,375.0,3000.0,2024-11
845,23,,3,2024-07-16,144.0,432.0,2024-07
848,28,,6,2024-09-17,479.0,2874.0,2024-09
850,131,140.0,2,2024-07-28,22.0,44.0,2024-07
863,83,,4,2024-12-04,175.0,700.0,2024-12
869,141,,4,2024-09-02,440.0,1760.0,2024-09
872,105,,7,2024-04-25,40.0,280.0,2024-04
876,34,160.0,6,2024-10-25,169.0,1014.0,2024-10
879,2,,10,2024-07-14,484.0,4840.0,2024-07
879,2,,10,2024-07-14,484.0,4840.0,2024-07
879,2,,10,2024-07-14,484.0,4840.0,2024-07
879,2,,10,2024-07-14,484.0,4840.0,2024-07
879,2,,10,2024-07-14,484.0,4840.0,2024-07
883,20,399.0,6,2024-03-14,271.0,1626.0,2024-03
883,20,399.0,6,2024-03-14,271.0,1626.0,2024-03
883,20,399.0,6,2024-03-14,271.0,1626.0,2024-03
883,20,399.0,6,2024-03-14,271.0,1626.0,2024-03
883,20,399.0,6,2024-03-14,271.0,1626.0,2024-03
884,35,,8,2024-07-19,154.0,1232.0,2024-07
893,120,,5,2024-05-04,177.0,885.0,2024-05
895,92,,6,2024-06-30,121.0,726.0,2024-06
896,57,123.0,3,2024-01-04,491.0,1473.0,2024-01
897,54,424.0,1,2024-07-29,178.0,178.0,2024-07
901,148,,9,2024-10-06,8.0,72.0,2024-10
902,57,,9,2024-07-25,491.0,4419.0,2024-07
903,82,47.0,4,2024-08-07,156.0,624.0,2024-08
905,29,,7,2024-10-17,70.0,490.0,2024-10
909,10,,3,2024-03-07,284.0,852.0,2024-03
909,10,,3,2024-03-07,284.0,852.0,2024-03
909,10,,3,2024-03-07,284.0,852.0,2024-03
909,10,,3,2024-03-07,284.0,852.0,2024-03
909,10,,3,2024-03-07,284.0,852.0,2024-03
910,83,,5,2024-01-22,175.0,875.0,2024-01
914,72,,6,2024-12-03,185.0,1110.0,2024-12
915,124,368.0,3,2024-10-10,49.0,147.0,2024-10
916,35,,5,2024-10-02,154.0,770.0,2024-10
918,110,399.0,10,2024-06-07,218.0,2180.0,2024-06
919,124,314.0,9,2024-12-16,49.0,441.0,2024-12
921,121,,9,2024-04-01,158.0,1422.0,2024-04
922,117,,-1,2024-03-12,62.0,-62.0,2024-03
923,84,,9,2024-08-06,134.0,1206.0,2024-08
932,8,328.0,8,2024-01-20,75.0,600.0,2024-01
932,8,328.0,8,2024-01-20,75.0,600.0,2024-01
932,8,328.0,8,2024-01-20,75.0,600.0,2024-01
932,8,328.0,8,2024-01-20,75.0,600.0,2024-01
932,8,328.0,8,2024-01-20,75.0,600.0,2024-01
938,129,,6,,394.0,2364.0,
943,5,24.0,7,,374.0,2618.0,
943,5,24.0,7,,374.0,2618.0,
943,5,24.0,7,,374.0,2618.0,
943,5,24.0,7,,374.0,2618.0,
943,5,24.0,7,,374.0,2618.0,
945,121,,10,2024-04-10,158.0,1580.0,2024-04
947,33,,2,2024-10-17,228.0,456.0,2024-10
948,80,,5,2024-01-27,61.0,305.0,2024-01
951,130,175.0,1,2024-02-03,109.0,109.0,2024-02
953,6,,7,2024-10-31,182.0,1274.0,2024-10
953,6,,7,2024-10-31,182.0,1274.0,2024-10
953,6,,7,2024-10-31,182.0,1274.0,2024-10
953,6,,7,2024-10-31,182.0,1274.0,2024-10
953,6,,7,2024-10-31,182.0,1274.0,2024-10
956,142,,8,2024-06-17,288.0,2304.0,2024-06
960,91,476.0,1,2024-03-17,92.0,92.0,2024-03
961,76,,1,2024-12-02,266.0,266.0,2024-12
964,48,246.0,8,2024-01-25,344.0,2752.0,2024-01
966,16,,0,,107.0,0.0,
966,16,,0,,107.0,0.0,
966,16,,0,,107.0,0.0,
966,16,,0,,107.0,0.0,
966,16,,0,,107.0,0.0,
968,99,205.0,10,2024-07-18,134.0,1340.0,2024-07
969,56,518.0,9,2024-02-24,297.0,2673.0,2024-02
970,30,,8,2024-05-16,234.0,1872.0,2024-05
973,23,439.0,4,2024-01-06,144.0,576.0,2024-01
974,54,581.0,3,2024-05-29,178.0,534.0,2024-05
975,128,,2,2024-08-09,353.0,706.0,2024-08
977,23,276.0,6,2024-09-10,144.0,864.0,2024-09
979,26,,1,2024-03-08,399.0,399.0,2024-03
981,148,371.0,9,2024-01-06,8.0,72.0,2024-01
982,19,,7,2024-05-29,48.0,336.0,2024-05
982,19,,7,2024-05-29,48.0,336.0,2024-05
982,19,,7,2024-05-29,48.0,336.0,2024-05
982,19,,7,2024-05-29,48.0,336.0,2024-05
982,19,,7,2024-05-29,48.0,336.0,2024-05
983,58,,10,2024-10-03,406.0,4060.0,2024-10
987,40,85.0,0,2024-10-02,83.0,0.0,2024-10
988,140,,2,2024-04-06,122.0,244.0,2024-04
991,15,506.0,8,2024-02-14,461.0,3688.0,2024-02
991,15,506.0,8,2024-02-14,461.0,3688.0,2024-02
991,15,506.0,8,2024-02-14,461.0,3688.0,2024-02
991,15,506.0,8,2024-02-14,461.0,3688.0,2024-02
991,15,506.0,8,2024-02-14,461.0,3688.0,2024-02
992,76,542.0,10,2024-02-07,266.0,2660.0,2024-02
993,36,136.0,6,2024-09-21,173.0,1038.0,2024-09
994,150,,2,2024-10-09,365.0,730.0,2024-10
995,36,77.0,10,2024-01-18,173.0,1730.0,2024-01
996,58,271.0,3,2024-04-26,406.0,1218.0,2024-04
998,45,519.0,7,2024-10-05,405.0,2835.0,2024-10
1000,90,190.0,9,2024-09-13,298.0,2682.0,2024-09
1001,133,561.0,6,,454.0,2724.0,
1003,87,,7,2024-01-15,275.0,1925.0,2024-01
1004,113,572.0,8,2024-01-29,293.0,2344.0,2024-01
1005,105,135.0,1,2024-02-14,40.0,40.0,2024-02
1013,82,,6,2024-07-08,156.0,936.0,2024-07
1014,88,,2,2024-08-12,70.0,140.0,2024-08
1018,3,,5,2024-12-14,213.0,1065.0,2024-12
1018,3,,5,2024-12-14,213.0,1065.0,2024-12
1018,3,,5,2024-12-14,213.0,1065.0,2024-12
1018,3,,5,2024-12-14,213.0,1065.0,2024-12
1018,3,,5,2024-12-14,213.0,1065.0,2024-12
1019,105,,7,2024-06-23,40.0,280.0,2024-06
1020,59,,0,2024-05-12,42.0,0.0,2024-05
1028,139,,1,2024-01-23,23.0,23.0,2024-01
1033,68,,0,2024-02-12,54.0,0.0,2024-02
1035,136,,1,2024-10-13,359.0,359.0,2024-10
1036,132,,2,,199.0,398.0,
1037,42,256.0,3,2024-08-24,389.0,1167.0,2024-08
1038,134,95.0,5,2024-04-08,319.0,1595.0,2024-04
1039,79,221.0,9,2024-12-06,178.0,1602.0,2024-12
1040,26,,8,2024-10-01,399.0,3192.0,2024-10
1041,88,,8,2024-11-11,70.0,560.0,2024-11
1042,40,,1,2024-10-06,83.0,83.0,2024-10
1044,37,60.0,3,2024-02-13,431.0,1293.0,2024-02
1046,39,446.0,4,2024-07-17,400.0,1600.0,2024-07
1048,132,,2,2024-12-10,199.0,398.0,2024-12
1050,33,,4,2024-06-20,228.0,912.0,2024-06
1052,71,126.0,3,2024-02-04,397.0,1191.0,2024-02
1054,56,,1,2024-11-16,297.0,297.0,2024-11
1058,47,,5,2024-12-08,290.0,1450.0,2024-12
1062,117,,1,2024-09-14,62.0,62.0,2024-09
1063,74,,6,2024-02-22,133.0,798.0,2024-02
1064,35,175.0,9,2024-06-08,154.0,1386.0,2024-06
1065,143,,8,2024-09-28,324.0,2592.0,2024-09
1066,84,239.0,2,2024-08-12,134.0,268.0,2024-08
1067,122,591.0,9,2024-01-06,165.0,1485.0,2024-01
1072,73,218.0,3,2024-08-20,346.0,1038.0,2024-08
1076,43,,1,2024-12-05,334.0,334.0,2024-12
1077,55,480.0,2,2024-10-27,43.0,86.0,2024-10
1079,61,62.0,10,2024-02-24,52.0,520.0,2024-02
1081,147,47.0,2,2024-08-16,426.0,852.0,2024-08
1083,92,,5,2024-11-28,121.0,605.0,2024-11
1084,139,,10,2024-02-09,23.0,230.0,2024-02
1085,32,29.0,10,2024-03-09,77.0,770.0,2024-03
1087,58,89.0,2,2024-08-08,406.0,812.0,2024-08
1090,6,,9,2024-12-15,182.0,1638.0,2024-12
1090,6,,9,2024-12-15,182.0,1638.0,2024-12
1090,6,,9,2024-12-15,182.0,1638.0,2024-12
1090,6,,9,2024-12-15,182.0,1638.0,2024-12
1090,6,,9,2024-12-15,182.0,1638.0,2024-12
1091,117,145.0,6,2024-07-03,62.0,372.0,2024-07
1094,113,,9,2024-09-05,293.0,2637.0,2024-09
1095,52,393.0,1,2024-01-12,157.0,157.0,2024-01
1099,134,,6,2024-05-30,319.0,1914.0,2024-05
1100,68,315.0,5,2024-06-16,54.0,270.0,2024-06
1102,90,598.0,8,2024-01-12,298.0,2384.0,2024-01
1103,115,,7,,205.0,1435.0,
1106,70,591.0,2,,47.0,94.0,
1107,122,,10,2024-04-03,165.0,1650.0,2024-04
1108,125,509.0,6,2024-06-21,500.0,3000.0,2024-06
1109,20,,3,2024-03-11,271.0,813.0,2024-03
1109,20,,3,2024-03-11,271.0,813.0,2024-03
1109,20,,3,2024-03-11,271.0,813.0,2024-03
1109,20,,3,2024-03-11,271.0,813.0,2024-03
1109,20,,3,2024-03-11,271.0,813.0,2024-03
1111,69,30.0,2,2024-07-09,380.0,760.0,2024-07
1112,66,353.0,9,2024-04-19,377.0,3393.0,2024-04
1120,95,88.0,4,2024-11-24,239.0,956.0,2024-11
1121,110,346.0,7,2024-01-21,218.0,1526.0,2024-01
1123,140,137.0,8,2024-06-19,122.0,976.0,2024-06
1124,36,,10,2024-10-27,173.0,1730.0,2024-10
1126,42,,6,,389.0,2334.0,
1134,144,,1,2024-08-06,473.0,473.0,2024-08
1135,125,121.0,9,2024-06-30,500.0,4500.0,2024-06
1140,126,74.0,2,2024-03-17,251.0,502.0,2024-03
1144,72,,6,2024-09-18,185.0,1110.0,2024-09
1145,145,384.0,2,2024-10-17,256.0,512.0,2024-10
1147,77,,2,2024-03-01,394.0,788.0,2024-03
1148,96,65.0,1,2024-01-23,48.0,48.0,2024-01
1154,111,570.0,5,2024-08-21,250.0,1250.0,2024-08
1156,71,,9,2024-02-12,397.0,3573.0,2024-02
1158,105,,10,2024-07-07,40.0,400.0,2024-07
1161,20,442.0,6,2024-08-18,271.0,1626.0,2024-08
1161,20,442.0,6,2024-08-18,271.0,1626.0,2024-08
1161,20,442.0,6,2024-08-18,271.0,1626.0,2024-08
1161,20,442.0,6,2024-08-18,271.0,1626.0,2024-08
1161,20,442.0,6,2024-08-18,271.0,1626.0,2024-08
1163,38,,8,2024-09-17,55.0,440.0,2024-09
1167,108,229.0,4,2024-08-24,21.0,84.0,2024-08
1168,23,329.0,5,2024-06-17,144.0,720.0,2024-06
1169,43,,10,2024-08-11,334.0,3340.0,2024-08
1170,90,,4,2024-01-15,298.0,1192.0,2024-01
1173,142,381.0,4,2024-02-07,288.0,1152.0,2024-02
1176,30,,6,2024-11-11,234.0,1404.0,2024-11
1178,125,90.0,10,2024-03-17,500.0,5000.0,2024-03
1179,64,,10,2024-11-25,353.0,3530.0,2024-11
1182,118,98.0,2,2024-02-17,476.0,952.0,2024-02
1183,80,,6,2024-05-15,61.0,366.0,2024-05
1184,47,,10,2024-04-20,290.0,2900.0,2024-04
1185,20,,2,2024-11-03,271.0,542.0,2024-11
1185,20,,2,2024-11-03,271.0,542.0,2024-11
1185,20,,2,2024-11-03,271.0,542.0,2024-11
1185,20,,2,2024-11-03,271.0,542.0,2024-11
1185,20,,2,2024-11-03,271.0,542.0,2024-11
1186,117,411.0,4,2024-11-24,62.0,248.0,2024-11
1194,117,338.0,1,2024-07-11,62.0,62.0,2024-07
1199,109,,6,2024-02-25,240.0,1440.0,2024-02
1200,114,,0,2024-04-26,225.0,0.0,2024-04
1202,43,59.0,5,,334.0,1670.0,
1205,41,343.0,0,2024-12-15,347.0,0.0,2024-12
1206,88,280.0,9,2024-03-31,70.0,630.0,2024-03
1207,106,,5,2024-09-30,384.0,1920.0,2024-09
1208,106,478.0,9,2024-05-13,384.0,3456.0,2024-05
1209,17,545.0,6,2024-04-19,83.0,498.0,2024-04
1209,17,545.0,6,2024-04-19,83.0,498.0,2024-04
1209,17,545.0,6,2024-04-19,83.0,498.0,2024-04
1209,17,545.0,6,2024-04-19,83.0,498.0,2024-04
1209,17,545.0,6,2024-04-19,83.0,498.0,2024-04
1211,115,,6,2024-10-16,205.0,1230.0,2024-10
1213,138,565.0,3,2024-05-01,431.0,1293.0,2024-05
1215,40,96.0,9,2024-11-10,83.0,747.0,2024-11
1216,135,510.0,7,2024-02-13,136.0,952.0,2024-02
1217,36,212.0,10,2024-06-30,173.0,1730.0,2024-06
1220,10,,7,2024-06-23,284.0,1988.0,2024-06
1220,10,,7,2024-06-23,284.0,1988.0,2024-06
1220,10,,7,2024-06-23,284.0,1988.0,2024-06
1220,10,,7,2024-06-23,284.0,1988.0,2024-06
1220,10,,7,2024-06-23,284.0,1988.0,2024-06
1221,118,551.0,6,2024-07-20,476.0,2856.0,2024-07
1223,141,500.0,5,2024-02-13,440.0,2200.0,2024-02
1224,105,208.0,1,2024-05-21,40.0,40.0,2024-05
1226,102,,6,2024-08-20,396.0,2376.0,2024-08
1227,55,553.0,0,,43.0,0.0,
1231,95,,8,2024-12-21,239.0,1912.0,2024-12
1232,14,19.0,10,2024-09-07,434.0,4340.0,2024-09
1232,14,19.0,10,2024-09-07,434.0,4340.0,2024-09
1232,14,19.0,10,2024-09-07,434.0,4340.0,2024-09
1232,14,19.0,10,2024-09-07,434.0,4340.0,2024-09
1232,14,19.0,10,2024-09-07,434.0,4340.0,2024-09
1233,80,260.0,7,2024-04-19,61.0,427.0,2024-04
1235,9,,2,,224.0,448.0,
1235,9,,2,,224.0,448.0,
1235,9,,2,,224.0,448.0,
1235,9,,2,,224.0,448.0,
1235,9,,2,,224.0,448.0,
1236,147,45.0,6,2024-03-26,426.0,2556.0,2024-03
1242,105,,6,2024-04-25,40.0,240.0,2024-04
1243,42,294.0,2,2024-12-01,389.0,778.0,2024-12
1247,30,312.0,9,2024-11-09,234.0,2106.0,2024-11
1248,3,,3,2024-08-25,213.0,639.0,2024-08
1248,3,,3,2024-08-25,213.0,639.0,2024-08
1248,3,,3,2024-08-25,213.0,639.0,2024-08
1248,3,,3,2024-08-25,213.0,639.0,2024-08
1248,3,,3,2024-08-25,213.0,639.0,2024-08
1249,76,,10,2024-02-23,266.0,2660.0,2024-02
1250,8,123.0,10,2024-08-11,75.0,750.0,2024-08
1250,8,123.0,10,2024-08-11,75.0,750.0,2024-08
1250,8,123.0,10,2024-08-11,75.0,750.0,2024-08
1250,8,123.0,10,2024-08-11,75.0,750.0,2024-08
1250,8,123.0,10,2024-08-11,75.0,750.0,2024-08
1252,3,,5,2024-04-25,213.0,1065.0,2024-04
1252,3,,5,2024-04-25,213.0,1065.0,2024-04
1252,3,,5,2024-04-25,213.0,1065.0,2024-04
1252,3,,5,2024-04-25,213.0,1065.0,2024-04
1252,3,,5,2024-04-25,213.0,1065.0,2024-04
1253,107,324.0,6,2024-09-18,162.0,972.0,2024-09
1254,68,,3,2024-01-15,54.0,162.0,2024-01
1269,50,,7,2024-05-08,399.0,2793.0,2024-05
1270,77,274.0,5,2024-12-01,394.0,1970.0,2024-12
1271,142,,9,2024-01-27,288.0,2592.0,2024-01
1272,84,348.0,10,2024-10-16,134.0,1340.0,2024-10
1274,10,216.0,6,2024-03-06,284.0,1704.0,2024-03
1274,10,216.0,6,2024-03-06,284.0,1704.0,2024-03
1274,10,216.0,6,2024-03-06,284.0,1704.0,2024-03
1274,10,216.0,6,2024-03-06,284.0,1704.0,2024-03
1274,10,216.0,6,2024-03-06,284.0,1704.0,2024-03
1279,32,,7,2024-04-27,77.0,539.0,2024-04
1281,144,,8,2024-05-02,473.0,3784.0,2024-05
1288,138,,7,2024-07-23,431.0,3017.0,2024-07
1292,113,349.0,8,2024-06-28,293.0,2344.0,2024-06
1294,78,,1,2024-09-07,270.0,270.0,2024-09
1295,70,502.0,4,2024-05-30,47.0,188.0,2024-05
1297,85,,8,2024-07-08,423.0,3384.0,2024-07
1300,55,,8,2024-08-10,43.0,344.0,2024-08
1302,118,,4,2024-11-23,476.0,1904.0,2024-11
1303,96,,4,2024-06-19,48.0,192.0,2024-06
1305,92,68.0,3,2024-11-23,121.0,363.0,2024-11
1307,85,496.0,8,2024-02-06,423.0,3384.0,2024-02
1312,97,,0,2024-01-12,428.0,0.0,2024-01
1313,49,507.0,2,2024-08-24,416.0,832.0,2024-08
1316,144,,10,2024-05-10,473.0,4730.0,2024-05
1317,12,,6,2024-01-24,293.0,1758.0,2024-01
1317,12,,6,2024-01-24,293.0,1758.0,2024-01
1317,12,,6,2024-01-24,293.0,1758.0,2024-01
1317,12,,6,2024-01-24,293.0,1758.0,2024-01
1317,12,,6,2024-01-24,293.0,1758.0,2024-01
1322,47,,1,2024-10-18,290.0,290.0,2024-10
1325,109,,9,2024-11-22,240.0,2160.0,2024-11
1331,6,132.0,7,2024-08-11,182.0,1274.0,2024-08
1331,6,132.0,7,2024-08-11,182.0,1274.0,2024-08
1331,6,132.0,7,2024-08-11,182.0,1274.0,2024-08
1331,6,132.0,7,2024-08-11,182.0,1274.0,2024-08
1331,6,132.0,7,2024-08-11,182.0,1274.0,2024-08
1332,140,459.0,2,2024-02-06,122.0,244.0,2024-02
1336,54,371.0,4,,178.0,712.0,
1338,60,,7,,453.0,3171.0,
1339,96,,8,2024-09-29,48.0,384.0,2024-09
1340,9,515.0,1,2024-01-11,224.0,224.0,2024-01
1340,9,515.0,1,2024-01-11,224.0,224.0,2024-01
1340,9,515.0,1,2024-01-11,224.0,224.0,2024-01
1340,9,515.0,1,2024-01-11,224.0,224.0,2024-01
1340,9,515.0,1,2024-01-11,224.0,224.0,2024-01
1341,33,249.0,6,2024-11-29,228.0,1368.0,2024-11
1342,10,220.0,1,2024-08-26,284.0,284.0,2024-08
1342,10,220.0,1,2024-08-26,284.0,284.0,2024-08
1342,10,220.0,1,2024-08-26,284.0,284.0,2024-08
1342,10,220.0,1,2024-08-26,284.0,284.0,2024-08
1342,10,220.0,1,2024-08-26,284.0,284.0,2024-08
1345,68,,6,2024-08-25,54.0,324.0,2024-08
1346,19,,9,2024-08-03,48.0,432.0,2024-08
1346,19,,9,2024-08-03,48.0,432.0,2024-08
1346,19,,9,2024-08-03,48.0,432.0,2024-08
1346,19,,9,2024-08-03,48.0,432.0,2024-08
1346,19,,9,2024-08-03,48.0,432.0,2024-08
1352,92,442.0,3,2024-09-14,121.0,363.0,2024-09
1354,106,,4,2024-08-01,384.0,1536.0,2024-08
1356,134,458.0,6,2024-02-19,319.0,1914.0,2024-02
1358,72,,6,2024-12-09,185.0,1110.0,2024-12
1359,124,,9,2024-01-02,49.0,441.0,2024-01
1361,77,289.0,9,2024-04-20,394.0,3546.0,2024-04
1362,112,,0,2024-01-08,212.0,0.0,2024-01
1363,97,486.0,3,2024-03-08,428.0,1284.0,2024-03
1365,29,141.0,5,2024-12-15,70.0,350.0,2024-12
1368,50,,3,2024-07-03,399.0,1197.0,2024-07
1369,91,,8,2024-02-27,92.0,736.0,2024-02
1370,48,,3,2024-11-14,344.0,1032.0,2024-11
1371,25,454.0,-3,2024-08-25,313.0,-939.0,2024-08
1372,145,408.0,5,2024-03-01,256.0,1280.0,2024-03
1374,90,,9,2024-07-27,298.0,2682.0,2024-07
1375,14,268.0,10,2024-11-03,434.0,4340.0,2024-11
1375,14,268.0,10,2024-11-03,434.0,4340.0,2024-11
1375,14,268.0,10,2024-11-03,434.0,4340.0,2024-11
1375,14,268.0,10,2024-11-03,434.0,4340.0,2024-11
1375,14,268.0,10,2024-11-03,434.0,4340.0,2024-11
1378,138,391.0,10,2024-07-24,431.0,4310.0,2024-07
1381,31,,9,2024-05-19,57.0,513.0,2024-05
1388,35,,5,2024-03-12,154.0,770.0,2024-03
1389,23,376.0,4,2024-01-01,144.0,576.0,2024-01
1391,111,94.0,5,2024-09-20,250.0,1250.0,2024-09
1394,105,256.0,7,,40.0,280.0,
1395,37,,6,2024-01-15,431.0,2586.0,2024-01
1397,4,86.0,1,2024-09-14,248.0,248.0,2024-09
1397,4,86.0,1,2024-09-14,248.0,248.0,2024-09
1397,4,86.0,1,2024-09-14,248.0,248.0,2024-09
1397,4,86.0,1,2024-09-14,248.0,248.0,2024-09
1397,4,86.0,1,2024-09-14,248.0,248.0,2024-09
1399,62,,10,2024-01-15,404.0,4040.0,2024-01
1403,50,,8,2024-09-21,399.0,3192.0,2024-09
1407,57,,8,2024-06-03,491.0,3928.0,2024-06
1408,38,,3,2024-05-27,55.0,165.0,2024-05
1409,16,,3,2024-06-24,107.0,321.0,2024-06
1409,16,,3,2024-06-24,107.0,321.0,2024-06
1409,16,,3,2024-06-24,107.0,321.0,2024-06
1409,16,,3,2024-06-24,107.0,321.0,2024-06
1409,16,,3,2024-06-24,107.0,321.0,2024-06
1412,127,439.0,10,2024-01-07,89.0,890.0,2024-01
1418,113,,1,2024-10-28,293.0,293.0,2024-10
1421,102,,10,2024-03-10,396.0,3960.0,2024-03
1425,79,,8,2024-05-10,178.0,1424.0,2024-05
1433,105,,3,2024-08-01,40.0,120.0,2024-08
1435,124,355.0,7,2024-12-12,49.0,343.0,2024-12
1436,86,,5,2024-06-29,24.0,120.0,2024-06
1440,31,525.0,1,2024-09-04,57.0,57.0,2024-09
1444,120,359.0,7,2024-07-19,177.0,1239.0,2024-07
1445,142,,3,2024-11-06,288.0,864.0,2024-11
1446,90,541.0,9,2024-01-01,298.0,2682.0,2024-01
1448,32,504.0,4,2024-08-11,77.0,308.0,2024-08
1450,97,201.0,0,2024-01-11,428.0,0.0,2024-01
1452,42,,8,2024-03-25,389.0,3112.0,2024-03
1456,76,,9,2024-01-31,266.0,2394.0,2024-01
1457,75,14.0,3,2024-11-26,327.0,981.0,2024-11
1458,1,,4,2024-11-05,100.0,400.0,2024-11
1458,1,,4,2024-11-05,100.0,400.0,2024-11
1458,1,,4,2024-11-05,100.0,400.0,2024-11
1458,1,,4,2024-11-05,100.0,400.0,2024-11
1458,1,,4,2024-11-05,100.0,400.0,2024-11
1459,60,,4,2024-08-28,453.0,1812.0,2024-08
1461,122,485.0,1,2024-06-22,165.0,165.0,2024-06
1463,84,,1,2024-06-06,134.0,134.0,2024-06
1467,142,,7,2024-04-23,288.0,2016.0,2024-04
1469,7,,3,2024-11-08,363.0,1089.0,2024-11
1469,7,,3,2024-11-08,363.0,1089.0,2024-11
1469,7,,3,2024-11-08,363.0,1089.0,2024-11
1469,7,,3,2024-11-08,363.0,1089.0,2024-11
1469,7,,3,2024-11-08,363.0,1089.0,2024-11
1471,40,,7,2024-09-28,83.0,581.0,2024-09
1473,43,521.0,-3,2024-01-31,334.0,-1002.0,2024-01
1475,116,136.0,2,,64.0,128.0,
1476,86,47.0,10,2024-11-06,24.0,240.0,2024-11
1477,134,,8,,319.0,2552.0,
1481,18,102.0,8,,309.0,2472.0,
1481,18,102.0,8,,309.0,2472.0,
1481,18,102.0,8,,309.0,2472.0,
1481,18,102.0,8,,309.0,2472.0,
1481,18,102.0,8,,309.0,2472.0,
1484,147,,5,2024-02-07,426.0,2130.0,2024-02
1486,13,487.0,8,2024-05-10,197.0,1576.0,2024-05
1486,13,487.0,8,2024-05-10,197.0,1576.0,2024-05
1486,13,487.0,8,2024-05-10,197.0,1576.0,2024-05
1486,13,487.0,8,2024-05-10,197.0,1576.0,2024-05
1486,13,487.0,8,2024-05-10,197.0,1576.0,2024-05
1487,146,298.0,8,,127.0,1016.0,
1488,71,412.0,10,2024-08-25,397.0,3970.0,2024-08
1491,26,489.0,6,2024-08-03,399.0,2394.0,2024-08
1492,10,517.0,6,2024-11-19,284.0,1704.0,2024-11
1492,10,517.0,6,2024-11-19,284.0,1704.0,2024-11
1492,10,517.0,6,2024-11-19,284.0,1704.0,2024-11
1492,10,517.0,6,2024-11-19,284.0,1704.0,2024-11
1492,10,517.0,6,2024-11-19,284.0,1704.0,2024-11
1494,111,,8,2024-03-11,250.0,2000.0,2024-03
1496,137,272.0,9,2024-11-16,375.0,3375.0,2024-11
1498,84,,9,2024-03-20,134.0,1206.0,2024-03
1499,45,,10,,405.0,4050.0,
1500,21,150.0,10,2024-12-12,154.0,1540.0,2024-12
1500,21,150.0,10,2024-12-12,154.0,1540.0,2024-12
1500,21,150.0,10,2024-12-12,154.0,1540.0,2024-12
1500,21,150.0,10,2024-12-12,154.0,1540.0,2024-12
1500,21,150.0,10,2024-12-12,154.0,1540.0,2024-12
